window_name,intervals,mean_coverage,median_coverage,target_success_rate,n_targets
dual_peak,"[(0.05, 0.25), (0.5, 0.6)]",0.3917012735326689,0.0,0.4015261627906977,2752
front_20,"[(0.0, 0.2)]",0.35301728612956806,0.0,0.37790697674418605,2752
front_30,"[(0.0, 0.3)]",0.3928705530177188,0.0,0.4171511627906977,2752
